depth,months,shape,bond,dd,dd_bh,ret,ret_bh,w,гистерезис 2%,подтверждение 2 мес,стоп −15%,стоп −20%,depth_real
-0.2,1,front,rally,-24.67387041054947,-50.79937320597862,34.44028263514278,5.681048077553386,0.0003713386407178842,-38.11762933855936,-13.45949064095815,-18.86385226394952,-21.687284768978,-0.5
-0.2,1,front,flat,-28.015884856503703,-30.53786727851549,-25.786481014486228,-10.818215516046592,0.004579843235520574,-36.13081015955808,-21.94061861416351,-22.23498694653291,-23.9673215195498,-0.3
-0.2,1,front,fall,-37.532590960129234,-44.383051916688224,-27.18696290756684,-30.703641843580808,0.00035677634108188886,-30.346664495013933,-10.337143482617584,-24.327731694961784,-26.66459975950263,-0.4
-0.2,1,linear,rally,-22.20249284532795,-36.44689026036492,57.15890490689923,57.49202926197548,0.00259937048502519,-22.316596798019805,-22.86739554415014,-17.89082489639169,-20.852180606491626,-0.4
-0.2,1,linear,flat,-27.787902713202183,-23.888802431736345,48.99176301556714,89.81604243486532,0.025054436523730194,-27.710330197219367,-26.291929705253203,-20.948402362910613,-23.394444568899157,-0.2
-0.2,1,linear,fall,-30.305658868330465,-41.49181052325628,-25.095966568101403,-26.48458988860416,0.0010703290232456665,-26.580509318541456,-25.4536513773731,-23.30012160009304,-26.45568066058857,-0.4
-0.2,1,back,rally,-23.08614280847665,-41.49847398666435,24.652253333744834,21.480587877570635,0.0032925359476985738,-22.90556126713604,-34.20335918772511,-19.66265805838888,-21.514477711302447,-0.4
-0.2,1,back,flat,-35.52892305272234,-53.37856053150832,-27.89742167563555,-34.412406873256195,0.003071188993231443,-41.79337617797382,-28.728294730435262,-25.23999323080014,-27.69848016072712,-0.5
-0.2,1,back,fall,-21.524116082750457,-29.893998862779736,64.44193646952667,69.91349262029148,0.003292535947698574,-21.60053286859155,-21.60274246860109,-18.177005580427817,-20.96451028422378,-0.3
-0.2,1,saw,rally,-21.43156508404396,-36.95995021209784,45.39719770015331,10.572255287525325,0.003985701410371958,-21.36193631899563,-33.16770452042255,-21.513515500007763,-20.979631755521638,-0.4
-0.2,1,saw,flat,-20.95586261389737,-40.610968383845616,65.59800295199008,6.050296887474005,0.008674761893162498,-11.690630232654089,-11.08498775019795,-18.119293256593828,-20.68553317514408,-0.4
-0.2,1,saw,fall,-18.766294564072727,-20.579938029933952,6.270548190900316,24.128921057067565,0.007268043748325336,-24.15869739640495,-16.813306701943386,-18.043334192128047,-19.04045331201627,-0.2
-0.2,3,front,rally,-24.61563657655397,-39.234979160617776,34.037290075081785,20.148088560938216,0.00086645682834173,-26.5337337440971,-18.09820998660349,-17.209771026835675,-21.17644016024327,-0.4
-0.2,3,front,flat,-27.079815606879343,-40.70392313760642,25.10080222863236,-15.948645019745545,0.0018858178028614123,-26.98802794554348,-26.89322397179812,-21.283231176787687,-24.798002132131323,-0.4
-0.2,3,front,fall,-29.181117289777468,-40.01052930097536,32.33067896501007,32.29170850027008,0.00035677634108188886,-32.66720430936117,-31.65314245918117,-21.91604479130127,-24.97356870207728,-0.4
-0.2,3,linear,rally,-23.3955380480244,-32.12283605212256,15.536065273679078,30.97045638205018,0.006312756892204033,-17.86184333151689,-19.1777558722817,-16.527580937943554,-20.02481756283143,-0.3
-0.2,3,linear,flat,-23.35979730789758,-27.503573632889267,6.074763850353504,29.014050043987496,0.013739529706561721,-32.94024250093289,-23.19291622677433,-19.24067121331843,-22.41596242010948,-0.3
-0.2,3,linear,fall,-17.847775698403566,-22.96504920376369,28.354118559438124,30.790284655434764,0.004740028531516523,-17.73542541959077,-17.836251811854776,-16.79708403479786,-18.10143791424193,-0.2
-0.2,3,back,rally,-21.01746243944835,-23.677990192738907,60.70530129554514,46.7300281703545,0.014581230625522256,-25.21646902049821,-22.978047301726445,-18.693413404563163,-20.835341683729013,-0.2
-0.2,3,back,flat,-24.09630554891112,-29.01129423271776,56.74587145372887,90.30429343016336,0.017403404294978178,-18.23171250173852,-18.31913841966661,-20.067723312440567,-22.31609518961928,-0.3
-0.2,3,back,fall,-15.215646652053216,-63.58148299785032,77.42224623295029,-12.087163022464454,0.0009683929257936983,-15.324234663564727,-11.51529141955132,-15.479434939033986,-15.479434939033986,-0.6
-0.2,3,saw,rally,-33.179380328837404,-37.02208262044109,5.905425520074026,13.906090463826716,0.003985701410371958,-21.210406609454544,-23.79637816991136,-24.729497806427524,-24.22634548955469,-0.4
-0.2,3,saw,flat,-38.09298860895597,-34.39094564201371,105.37384637338968,132.18976500031408,0.021067278883394637,-38.51606326226757,-38.2565843147651,-26.6800860652455,-29.3556356322095,-0.3
-0.2,3,saw,fall,-33.45903709666251,-34.83736632590181,23.1780409242794,42.83479990454413,0.003985701410371959,-16.56837865566313,-15.338940346564367,-23.135136540797475,-25.19401364162773,-0.3
-0.2,6,front,rally,-39.26885437740352,-38.1056250822074,10.258352553231976,6.771344585524797,0.0007089192231886881,-20.50150002620213,-19.61991163748037,-27.25083867410143,-29.9373219363706,-0.4
-0.2,6,front,flat,-24.257727242646745,-49.09605301831091,85.78455332081589,4.852307191474137,0.0006612607880163395,-23.80819923964697,-26.813668966743244,-19.68773365613703,-23.74144199164285,-0.5
-0.2,6,front,fall,-22.758046898460893,-42.10014967791875,34.86821741942574,34.56930584375224,0.00029190791543063635,-22.671454001459143,-24.88344972373112,-19.499083637257208,-21.508441041067396,-0.4
-0.2,6,linear,rally,-22.8020511943962,-20.66692552637164,109.49109316100412,140.64230345328394,0.009418498250935428,-22.2792686201551,-19.45128103545718,-19.064815796084822,-21.757782676559746,-0.2
-0.2,6,linear,flat,-41.888249633214,-43.847869074586754,15.740918926257953,2.514660487182918,0.0046288255161143765,-23.65389995121282,-16.22031286312956,-27.26560143043727,-29.761162839910405,-0.4
-0.2,6,linear,fall,-32.95478872700544,-29.888588671718384,19.02907038115007,97.79429981135132,0.002126757669566065,-31.93099627204394,-30.78385183410195,-23.55960819037057,-26.09227544250968,-0.3
-0.2,6,back,rally,-28.74168890229241,-49.050239156937614,4.1863802826743735,-29.02166279943373,0.0011545255920501494,-21.180785911215,-25.708520648283585,-19.054035268318724,-22.678287985655757,-0.5
-0.2,6,back,flat,-31.202555143269084,-19.07068751591323,47.99344177250391,74.02603404024859,0.025965506942774927,-29.114544971045262,-25.23961718656925,-23.554639907916595,-25.26997647101422,-0.2
-0.2,6,back,fall,-25.397679241531414,-41.8696945059374,-12.301777370464572,-14.48399554469213,0.0011092500786364181,-26.012088587016702,-26.113685692773625,-20.414389775542364,-23.311419412519285,-0.4
-0.2,6,saw,rally,-20.753493909862986,-60.62521917731913,35.75111358486767,-29.84083736920453,0.0023293060190485468,-20.996067675754425,-25.47768604466296,-18.651536170440277,-20.250085913479342,-0.6
-0.2,6,saw,flat,-40.26123508637917,-35.0212481048714,-5.466098078178305,62.59264660120783,0.007097532458042044,-35.234785666138634,-37.032226902376685,-28.75949492922323,-30.44689970467241,-0.4
-0.2,6,saw,fall,-38.872037796390536,-46.47084116873802,20.25771983881284,30.463553561044733,0.0005754756047061117,-38.596139141632094,-27.72792423150717,-23.351293159776887,-28.044658064914827,-0.5
-0.2,12,front,rally,-24.38833617746011,-58.90282331595797,15.788039254621488,-29.40497968322514,0.0010690051778242124,-25.998914585635912,-24.17800667641936,-18.27115707350513,-21.25026493231166,-0.6
-0.2,12,front,flat,-27.86049002001343,-43.249178133481095,20.793680815920744,8.960945187346248,0.0032573216594878945,-29.115669382049106,-35.30441738104597,-20.01147899788776,-23.801721188228697,-0.4
-0.2,12,front,fall,-20.40564263764133,-18.728262951120257,93.73460271832042,147.46424180111876,0.002729107336327695,-28.04081062197994,-24.066729773917928,-16.66103342927372,-20.432974120431517,-0.2
-0.2,12,linear,rally,-24.184466172470632,-71.42518468332817,7.316771198731686,-54.34185065799802,0.0032070155334726373,-14.368939889830434,-19.97790751383128,-19.08588353915851,-22.34604858090388,-0.6
-0.2,12,linear,flat,-17.293318708812333,-47.66520899980945,78.17526084712576,-2.839734588443321,0.00418798499077015,-26.76833318768017,-17.303932264949594,-15.893817108609056,-17.46226268067571,-0.5
-0.2,12,linear,fall,-22.927230954854306,-49.7783945669583,28.292118534748,10.124793672461706,0.0007923214847402985,-30.78134348138109,-25.5924585124659,-17.334412194544136,-21.47624833857969,-0.5
-0.2,12,back,rally,-35.87073566499049,-43.651549881395205,2.4181215947914447,-8.336995750266663,0.005687107546024811,-48.45083989620892,-26.576497427293887,-22.081548137112826,-24.93984932739068,-0.4
-0.2,12,back,flat,-26.39182645947525,-50.66390437229027,7.891853864785681,0.8956419246562319,0.005304780988308857,-26.396980577396768,-31.96595515485825,-22.74022595164833,-23.42181944612941,-0.5
-0.2,12,back,fall,-23.55320726498225,-45.77393170826062,57.074886479884654,28.288691059277586,0.0010036072140043783,-22.458872882535942,-29.021855655386307,-19.46572319544866,-21.114372288632133,-0.5
-0.2,12,saw,rally,-35.50913910010003,-36.0263338909751,31.760766935075367,68.35429505667032,0.006884393345187928,-31.337774335205225,-23.240794768706703,-23.22438978232595,-25.841856772638,-0.4
-0.2,12,saw,flat,-27.224794641907646,-62.97696657540223,27.90320111738372,-25.56591972984632,0.01070262830974594,-23.80825790555371,-27.057675792888435,-19.25693302702688,-22.331885521547868,-0.6
-0.2,12,saw,fall,-29.712020581188504,-63.46152880194123,15.728336171521828,-32.295252181599096,0.0020248215721140965,-29.324105847910783,-29.595740506626367,-20.42805372121289,-22.867291200682693,-0.6
-0.2,24,front,rally,-35.65193075051839,-49.39905273732194,15.780020701467269,7.765315876505041,0.0003038225242237235,-31.57461914190538,-31.824261117258256,-23.701848473104693,-26.482259932573797,-0.5
-0.2,24,front,flat,-31.568801523783,-57.81283287379138,15.580591952863276,-4.006594778962603,0.0011021013133605657,-31.92773104800332,-32.318912706080624,-22.07715794999576,-25.641204606856537,-0.6
-0.2,24,front,fall,-21.065881540346588,-56.69192688028413,72.22357841814262,-10.965675864969294,0.00020850565387902595,-31.104952152783504,-26.699413320383425,-17.455199138417722,-20.37259862918872,-0.6
-0.2,24,linear,rally,-23.809289265955115,-44.02867733797918,13.860993335111216,-6.199248215841191,0.002126757669566065,-32.82194083688814,-24.50951348729864,-20.22469964495692,-22.35349641025384,-0.4
-0.2,24,linear,flat,-22.14864988844747,-51.950642684459815,36.28375543471438,4.186311990328173,0.0019837823640490183,-29.235272513261634,-22.63280322153378,-20.079701563225385,-22.06682891491996,-0.5
-0.2,24,linear,fall,-31.228267983018743,-74.38738359214024,79.09409834310716,-8.13894152634641,0.0006255169616370778,-29.34201055157328,-29.229973719519155,-24.32793999557221,-25.723950604771296,-0.6
-0.2,24,back,rally,-25.684625800596848,-34.373391161731405,90.05215225208923,236.12722370315228,0.00654231168828418,-29.721471319893368,-35.36278751145151,-20.900302012823303,-26.32309281277557,-0.3
-0.2,24,back,flat,-26.380618947332124,-46.30829468782708,78.75611147196906,135.48892417016165,0.00251279099446209,-42.14418285424544,-34.163179245273,-21.905799888295157,-20.99702756412245,-0.5
-0.2,24,back,fall,-37.88867377908846,-76.10587579758248,-0.4682938570559236,-58.078618704550266,0.0007923214847402985,-44.15469191811201,-22.83157379976086,-25.245420995019074,-27.89511036706469,-0.6
-0.2,24,saw,rally,-49.52146355883285,-45.91305516420249,-19.62214937099917,-7.224716816116617,0.0013975836114291282,-52.06898170438704,-24.66101455924633,-31.376167848101662,-34.48788631288087,-0.5
-0.2,24,saw,flat,-42.48783014823599,-53.16238477060704,86.01822581127728,85.54261172325725,0.003041799624875162,-45.52781259285027,-28.642767309098648,-30.763594375129667,-30.75836203603344,-0.5
-0.2,24,saw,fall,-46.807332534138204,-42.85392909508055,-23.673705232765872,11.562626722361212,0.0013427764109809274,-48.398411177968285,-33.05891564364287,-29.890322010120386,-33.818900070012134,-0.4
-0.2,36,front,rally,-30.06076581283996,-29.294308910510946,167.6558571706876,236.22625007340145,0.0009564783170006111,-31.75866956900988,-27.166856959270604,-21.867043501408546,-25.16389110595567,-0.3
-0.2,36,front,flat,-27.157131069979656,-36.528128583083245,-10.42477639082019,7.0559423551266764,0.0008571899103915512,-26.674514261403427,-38.95627816437322,-22.838944406858356,-23.264419869137495,-0.4
-0.2,36,front,fall,-32.22330792794501,-49.93179781350494,41.04637874014407,30.654340617439367,6.950188462634198e-05,-44.8281198904356,-28.323313311409603,-20.078043456591963,-25.513980328839803,-0.5
-0.2,36,linear,rally,-29.691749102593835,-66.7311865546227,64.42271994669288,-34.72120659699789,0.0008439514561770098,-32.8383693932221,-28.87214097138829,-22.442250371283706,-25.18544924026275,-0.6
-0.2,36,linear,flat,-45.819738908207,-55.21707679585332,-27.262833075929304,-42.7339415552545,0.0018368355222676096,-37.48786570527415,-26.953986027235167,-25.876904528743196,-27.6972915824231,-0.6
-0.2,36,linear,fall,-35.65238675058453,-59.09054501712247,-8.665140055720855,-9.317119253538852,0.00034750942313171,-48.59844371418348,-33.03975426602894,-27.410822672360347,-27.78351319308693,-0.6
-0.2,36,back,rally,-36.70177227848146,-69.05007228001652,13.360583987813593,-47.76361904434605,0.0010690051778242124,-38.95228629062798,-29.9076000416782,-24.506749517767968,-27.25500642060265,-0.6
-0.2,36,back,flat,-32.79782319725895,-54.48985383892485,59.564834019032254,24.85363065046531,0.0013959949969233835,-31.06631829385821,-27.62753064247756,-22.79112283040724,-25.6239387893378,-0.5
-0.2,36,back,fall,-24.28334596877644,-36.723451091988245,188.08536615692728,339.323581722271,0.000616250043686899,-24.19935413840249,-30.86889684875489,-22.732405599295543,-25.64323858365988,-0.4
-0.2,36,saw,rally,-34.97414080316067,-40.24966671351109,97.53361491482596,137.6432011737502,0.001811682459259981,-35.24966030636973,-34.5358799587819,-25.222475160903,-28.71601178151373,-0.4
-0.2,36,saw,flat,-58.36818892498348,-61.47495436644997,-5.392147422117366,19.881915429457607,0.002816481134143668,-59.59194087042782,-51.36025522689312,-36.25871983271529,-38.88120696100091,-0.6
-0.2,36,saw,fall,-54.08677023915549,-59.69739078674742,-47.56798377722957,-20.323007105396773,0.0005328477821352885,-46.3216378734861,-36.48037753150282,-36.02091870000068,-38.67076633450075,-0.6
-0.3,1,front,rally,-52.81707272858024,-46.95530570489483,-2.041361467259706,17.07656710071621,0.0003713386407178842,-49.69745866720585,-17.818526508453846,-35.46307635580334,-38.033585556965,-0.5
-0.3,1,front,flat,-34.03095550859601,-48.42119222675595,51.72537275632023,47.90774821865777,0.0008082076297977483,-13.152397125078409,-29.68937220100806,-24.287630207004508,-26.506806315862946,-0.5
-0.3,1,front,fall,-18.63537774572965,-57.60400269597985,38.30110102043189,-32.582077232082895,0.0002548402436299206,-20.9858235606888,-17.910526056915245,-17.370654223082383,-18.626567205135192,-0.6
-0.3,1,linear,rally,-20.288095125523554,-38.38730709999562,65.29607679355726,80.79868692710801,0.00259937048502519,-21.09746966074926,-35.3813328799083,-16.793320896063456,-20.324253729886,-0.4
-0.3,1,linear,flat,-33.07649330817245,-32.38735920827555,32.88001890672763,33.172353435837664,0.013739529706561721,-32.27441148843907,-32.00651572231873,-25.01936212025695,-26.739930453212413,-0.3
-0.3,1,linear,fall,-16.218576832477915,-46.52115087874669,32.06727623497589,5.481468205086792,0.0004587124385338571,-21.98540439825146,-13.791288693921311,-15.910826107219355,-16.51096956946536,-0.5
-0.3,1,back,rally,-20.99644841377096,-51.14750718139936,94.56664922429474,12.00924576467244,0.0014110868347279603,-19.372534725269684,-19.261122408864107,-17.886791337079078,-20.277032135120358,-0.5
-0.3,1,back,flat,-29.66426950521155,-50.53878487821515,12.127546067886463,-12.568044967135862,0.003071188993231443,-19.97248334703793,-14.85607272194911,-20.9299839460124,-23.726664982508797,-0.5
-0.3,1,back,fall,-22.292956000223807,-33.53634008008235,-5.688836536321618,-10.301793264477311,0.003292535947698574,-35.20960988967199,-24.069761070172103,-20.145908552246915,-20.080109485441465,-0.3
-0.3,1,saw,rally,-21.69809968049229,-37.14734116623266,102.41494385910342,32.13525303307571,0.003985701410371958,-16.983690382914794,-20.424810630864933,-18.01139232810095,-22.113539072840627,-0.4
-0.3,1,saw,flat,-16.509736670324404,-31.501372599620105,72.62908695248902,48.74377090832165,0.021067278883394637,-33.19450915064368,-17.18925836937748,-15.937956365544114,-16.890201011074623,-0.3
-0.3,1,saw,fall,-22.153004464838432,-36.180803547795016,65.68151364910608,26.105426131322563,0.0016411711689766886,-21.01813849348776,-24.29680497949086,-18.88671065426,-22.126669681934573,-0.4
-0.3,3,front,rally,-23.059031441644585,-42.40777087438549,48.39299430647053,4.119618678824133,0.00086645682834173,-23.4490286089508,-17.609339434177606,-18.408989552887235,-21.568623878597425,-0.4
-0.3,3,front,flat,-49.91480804195035,-36.04437992159999,-41.65811958565592,-0.7921783122353698,0.0018858178028614123,-53.142306092055726,-35.68075800913877,-31.385053471497205,-33.50100903568506,-0.4
-0.3,3,front,fall,-31.45943771789044,-58.14354702435927,6.569825671669993,-17.62300728244949,0.0002548402436299206,-30.42366317685188,-31.14042479319984,-23.1670105278308,-25.8577206378679,-0.6
-0.3,3,linear,rally,-20.23940722512605,-62.37176072456043,0.7910199646970151,-53.90984460660374,0.0018566932035894216,-12.82961445992986,-17.098171008353102,-17.43318813547082,-20.30767772158144,-0.6
-0.3,3,linear,flat,-22.470565490138185,-36.20433527798159,34.72850947589294,53.645720819858255,0.0056574534085842365,-22.50447223079437,-20.663267182397423,-19.877318739859685,-21.442757848138573,-0.4
-0.3,3,linear,fall,-46.8043686490171,-32.92042683246939,-33.6383855606672,-6.461306444527793,0.0025993704850251907,-53.34530662123278,-31.36284820450817,-30.216549821935267,-33.37115768540199,-0.3
-0.3,3,back,rally,-19.81878887211259,-24.749326471864208,90.13480849168478,68.75211613352398,0.014581230625522256,-19.879669021239664,-25.86945873596578,-17.45233867382171,-20.02974529641729,-0.2
-0.3,3,back,flat,-25.37776423618424,-49.64447846615945,-19.63103470901748,-42.578072307383,0.003071188993231443,-24.01387941761649,-23.75089139257281,-15.70618282954458,-20.58899595027067,-0.5
-0.3,3,back,fall,-32.45232140505562,-41.35767390135581,22.627791530349107,41.53336719203158,0.0013557500961111778,-17.246564338103965,-24.89762142663883,-22.793552600735623,-25.5171238791021,-0.4
-0.3,3,saw,rally,-21.06722504239149,-67.97232962517853,87.03678875439869,-29.909078175625613,0.0028469295788371126,-34.812438750981265,-20.83056749461878,-19.055432813209197,-21.00716655103628,-0.6
-0.3,3,saw,flat,-27.95928148388279,-47.28438320520704,42.49606706906328,-11.082626446147623,0.003717755097069642,-34.18572280083863,-28.03835540162673,-24.70388242198213,-24.036620254579898,-0.5
-0.3,3,saw,fall,-37.95398627472786,-52.43743813983549,-18.710922137978827,-31.351660580951545,0.0007033590724185809,-35.41246442525083,-16.46688684049512,-25.99663427534056,-27.791989077397737,-0.5
-0.3,6,front,rally,-32.14261599412416,-31.667299623319323,-4.749662518937525,19.93096281328832,0.0017216609706011,-37.05192617938609,-34.59671626102862,-22.346993510314107,-24.798846101170525,-0.3
-0.3,6,front,flat,-30.738007316370062,-60.79277336510343,31.651063374036514,-16.658343335641334,0.0011021013133605657,-36.35416836751364,-30.39049594164347,-18.887927333022592,-23.20022175080544,-0.6
-0.3,6,front,fall,-33.783383015424974,-45.69243162128886,111.51544730256772,84.09563804409204,0.00012510339232741556,-34.798066054442835,-23.6349771240478,-23.984303240308304,-27.15522002220229,-0.5
-0.3,6,linear,rally,-16.370957717752923,-57.22865966429007,162.19306935591703,42.946121498573575,0.0015191126211186172,-8.72264330891509,-8.895721727690342,-16.190046640404542,-16.581544571823382,-0.6
-0.3,6,linear,flat,-24.01878197823393,-50.54255766978152,37.47548214920329,29.64578768727096,0.0019837823640490183,-29.519722012845552,-30.87340562512132,-20.33223116747712,-23.67713796423284,-0.5
-0.3,6,linear,fall,-44.91304239496047,-34.375177074413564,-3.2831936137890927,36.963491368920096,0.002126757669566065,-52.770152550866925,-27.223792243404787,-28.810202835083885,-30.54688845679393,-0.3
-0.3,6,back,rally,-19.60281400466361,-69.48358600237472,12.628642457821693,-50.3635878009934,0.0019242093200835821,-24.582907052402703,-19.60597032127577,-17.468779845186553,-19.685823521317936,-0.6
-0.3,6,back,flat,-36.32888975795346,-49.61516829647725,14.682118485078522,30.25073979127397,0.00251279099446209,-39.52114847159562,-41.99326441480395,-24.23080328618832,-26.6732756934468,-0.5
-0.3,6,back,fall,-29.06035851899299,-51.243810587522965,-24.95017531354228,-28.3173841857868,0.0004753928908441792,-24.62827335279708,-21.1371613618386,-19.34066568564721,-22.49483122455035,-0.5
-0.3,6,saw,rally,-24.38851725078979,-51.92572457004878,30.02368567674192,-27.416138792604137,0.0013975836114291282,-24.66592441237094,-26.476685716323978,-20.30103424745826,-23.49562562637174,-0.5
-0.3,6,saw,flat,-18.069410407968,-73.69592014188106,8.117558372867029,-64.50929218909431,0.005069666041458602,-18.228240370784288,-14.742539066195103,-16.532742186706894,-18.49782287464553,-0.6
-0.3,6,saw,fall,-28.08446091665404,-54.09019477314355,76.94416823147728,35.58819712048893,0.0005754756047061117,-30.75259215626033,-30.26929644947749,-21.023569250552637,-24.297213565436103,-0.5
-0.3,12,front,rally,-32.72163224798198,-24.8295053371795,-12.518891145122655,32.64320884876386,0.006627832102510116,-35.647827444079425,-25.06176474371152,-24.869636136916405,-25.779396216554677,-0.2
-0.3,12,front,flat,-20.73791463675945,-26.760754182643897,59.235595720990375,74.98058213316763,0.007910638315899172,-20.83010382356884,-20.920573834428748,-19.200221317450215,-20.833697142621094,-0.3
-0.3,12,front,fall,-32.08946437184116,-39.19070090681507,28.758193975686687,54.68759836249439,0.000616250043686899,-25.22423741624513,-30.336614381895565,-21.759166965047005,-26.2929415638945,-0.4
-0.3,12,linear,rally,-19.36955918597586,-20.1448437815851,118.9752257755702,115.64979477808916,0.01988349630753035,-26.50580912492947,-17.397880561708334,-17.337006027415512,-19.60809047890031,-0.2
-0.3,12,linear,flat,-26.1939716099632,-39.32221572422855,-16.987846738913646,-23.541230514491502,0.009771964978463683,-17.834740578158737,-14.25729502861105,-20.657068580597247,-23.5978098794148,-0.4
-0.3,12,linear,fall,-55.74309330583746,-27.14631011406613,-45.67093340608351,-7.914498203245424,0.004489821746861692,-36.870033610250005,-28.828838376968523,-34.22641506505961,-37.7048690813328,-0.3
-0.3,12,back,rally,-31.21899617691418,-32.6993350913773,41.43092349585296,51.214864351070055,0.013811546897488824,-30.104501170251087,-39.81294302119217,-20.217272167166623,-23.972351661983502,-0.3
-0.3,12,back,flat,-23.51985078798964,-43.16109122149578,32.542939706764805,32.101793074018815,0.012377822306054,-23.538067617660364,-23.76684231825341,-19.73795573467213,-22.75907668845738,-0.4
-0.3,12,back,fall,-26.880885670785304,-46.20819221798055,48.43080066643637,31.17379440075365,0.0010036072140043783,-26.357266759211385,-23.048744056777803,-19.47742707899829,-22.720824445057943,-0.5
-0.3,12,saw,rally,-49.58491553536473,-50.180060896653366,-25.79702136099179,-21.37040219609142,0.002950454290794826,-35.561354914776366,-42.09883572908466,-30.80367081772509,-32.261839586491945,-0.5
-0.3,12,saw,flat,-27.085057554691023,-61.64045485109149,69.39663714466893,-12.480642739401338,0.01070262830974594,-31.16440304067381,-27.018361347123985,-21.457371233868493,-26.013904148401124,-0.6
-0.3,12,saw,fall,-36.032823902023736,-32.94698778767018,41.05246658088228,55.438947712194064,0.0068843933451879285,-29.42130640214754,-29.43502093360556,-26.86015439031738,-29.82685685904928,-0.3
-0.3,24,front,rally,-27.65286261902992,-62.139894823465255,129.3119330182495,59.835148022902885,0.0005063708737062057,-22.745945074214767,-27.260897141992125,-19.484844226192955,-23.490917636713515,-0.6
-0.3,24,front,flat,-32.94580281610031,-42.01659625299595,33.00759574241727,63.03882233321283,0.0015429418387047922,-27.851189120396768,-32.7603564499081,-24.416495318110154,-26.00757199143753,-0.4
-0.3,24,front,fall,-30.73993564386837,-57.91679394950447,-3.5171992420136244,-37.83357889116513,0.00020850565387902595,-43.79114718153521,-36.16135648152476,-19.600398509089565,-22.65949562359824,-0.6
-0.3,24,linear,rally,-24.23339021268553,-85.94462687938844,5.2488300028921575,-73.7902766297081,0.0015191126211186172,-25.319667737984098,-30.514982818114365,-19.21123183706195,-23.280331676344225,-0.6
-0.3,24,linear,flat,-23.752457728611176,-39.02508664078306,27.03889552374521,64.95319608942162,0.0046288255161143765,-30.25358486699237,-33.292275827420866,-19.33043814820038,-23.319346319227503,-0.4
-0.3,24,linear,fall,-37.44079774373268,-41.67603789713685,4.143885233835531,37.63605126154812,0.000875723746291909,-30.818336906587984,-46.17635328099451,-25.365094325232363,-30.14256396527408,-0.4
-0.3,24,back,rally,-20.20247493317224,-52.40854166011219,83.33943093353156,19.602287909809245,0.0011545255920501494,-21.2893022617058,-18.61161414851012,-17.75881506059357,-20.3753174075904,-0.5
-0.3,24,back,flat,-23.47583764963212,-54.60343647801642,130.4721101170914,98.5283341011748,0.00251279099446209,-28.00475016530721,-26.937679128606884,-18.73686794367353,-21.755173562096207,-0.5
-0.3,24,back,fall,-33.2159131797627,-48.44899018614976,-7.060884777375187,1.196603677958974,0.0004753928908441792,-25.679780569115582,-22.17484272591326,-22.62347152642116,-25.10138068296701,-0.5
-0.3,24,saw,rally,-38.42542163183188,-56.35081621862524,59.91606483060623,-19.439789432007217,0.0023293060190485468,-54.06967863618701,-29.81614442192031,-25.14576117617401,-28.44999939124432,-0.6
-0.3,24,saw,flat,-35.915838505826784,-65.37070497300883,27.029479315258182,-1.3426090073672017,0.005069666041458602,-32.51291476478112,-20.39774971514852,-25.63429636634339,-26.25981781552802,-0.6
-0.3,24,saw,fall,-62.70431393346942,-40.26883395562273,5.135433388101696,97.19091887496502,0.0013427764109809274,-58.525305671289104,-37.62802179642208,-40.19897489454717,-43.03502097615559,-0.4
-0.3,36,front,rally,-28.90927125634812,-56.36772703093654,231.91015583791253,152.15263133654875,0.00028131715205900325,-30.29816822422148,-29.4121184581352,-24.636193660000107,-27.36314070647108,-0.6
-0.3,36,front,flat,-39.37827979347562,-70.15964741412628,47.32050245719894,-39.77435249224498,0.0006122785074225366,-25.89339746178265,-17.73015862618471,-25.97145083753952,-28.776914582579806,-0.6
-0.3,36,front,fall,-35.03765297179289,-36.80114271159116,-19.30987429307498,24.50897788864,0.00016217106412813132,-29.549308286747788,-39.74242616575621,-23.79300064328319,-26.227601723245165,-0.4
-0.3,36,linear,rally,-44.30676419934248,-45.75480231364513,60.62748466902035,115.88082316220228,0.0005063708737062058,-46.83683710595658,-31.91075809913521,-29.17069297713978,-30.751439303238094,-0.5
-0.3,36,linear,flat,-29.218488199507185,-67.71426640414708,21.50658638305356,-32.07970368460364,0.0018368355222676096,-23.78037587254392,-21.66641314054212,-17.969139831286295,-23.18626467689834,-0.6
-0.3,36,linear,fall,-32.70871131322105,-32.91564417506947,8.133152326027071,90.48697058497676,0.0011815320386478136,-32.446180608980114,-35.561836680872126,-24.373560073297877,-28.21439932124552,-0.3
-0.3,36,back,rally,-40.79110802741441,-55.42178081323155,41.42624525621101,75.82304315966586,0.0010690051778242124,-44.603289912158814,-35.521299947933606,-27.244496740034908,-29.39846054129689,-0.6
-0.3,36,back,flat,-48.29840790861949,-60.383517078396366,-41.26348293391027,-46.64776782026798,0.0023266583282056386,-39.89027043426561,-35.80583044726659,-25.123743215832704,-28.461598392402895,-0.6
-0.3,36,back,fall,-48.77565657951774,-54.36943871713602,-10.273333082792346,5.1899388219084575,0.00026410716158009953,-50.80072588880618,-53.507628149655,-32.875401192505564,-36.632954079057775,-0.5
-0.3,36,saw,rally,-26.78952241834108,-44.43770959063481,84.36465139620282,107.81535782132408,0.001811682459259981,-26.455511887684725,-24.602769931225843,-21.056201248144458,-24.74881037950925,-0.4
-0.3,36,saw,flat,-41.922866262383394,-41.85502954451891,3.629943458373908,33.02891537442143,0.003943073587801135,-44.37016363042693,-40.80518256382773,-26.442507238870228,-28.71704446543404,-0.4
-0.3,36,saw,fall,-47.320113355309566,-50.166676054168455,0.6684974842196878,14.795672990389196,0.0003197086692811731,-56.0740257981936,-52.15215607885069,-31.587112948543396,-33.79408917375106,-0.5
-0.4,1,front,rally,-38.984234578301056,-47.82600575687741,-22.62953990476131,-7.229530247256743,0.0003713386407178842,-40.82493755511077,-32.27185284512254,-26.93620892987525,-27.18392945368633,-0.5
-0.4,1,front,flat,-24.907905374169093,-46.84317376524811,29.569209577988097,33.89874474591708,0.0008082076297977483,-49.29946530331611,-16.66214679113065,-17.318773175886925,-22.688001973010905,-0.5
-0.4,1,front,fall,-56.04533753233238,-42.1546303594546,-32.02552567580905,11.85915788099756,0.00035677634108188886,-51.84577720884196,-55.70243424863294,-36.75626765620703,-38.92573335360783,-0.4
-0.4,1,linear,rally,-19.098753956137948,-52.25666779958876,58.35202387700023,22.59860512624683,0.0011140159221536528,-22.997373519326803,-24.267264912083498,-16.185212809013017,-19.441499936729244,-0.5
-0.4,1,linear,flat,-47.79365063939483,-45.59042757442402,-13.815425842503515,17.13366805275358,0.0024246228893932444,-53.89277657164446,-52.30728485072341,-32.53206904017506,-34.27986911577984,-0.5
-0.4,1,linear,fall,-53.5601952597446,-52.99899718793716,-23.873751003863543,-16.005746844546643,0.0004587124385338571,-54.16351965291764,-50.5037777763948,-35.40756819366937,-37.273552266656594,-0.5
-0.4,1,back,rally,-41.85595050642086,-51.02782386471462,-20.687836154707973,-23.711197359936065,0.0014110868347279603,-41.84019904554872,-44.65191763372373,-31.079388872401918,-32.364162633544325,-0.5
-0.4,1,back,flat,-36.92076237680687,-60.99181689616196,-29.54068712970012,-46.86465387009371,0.005118648322052406,-31.18062737464404,-21.96871739072557,-21.90741691466309,-25.328588823887944,-0.6
-0.4,1,back,fall,-47.68997205457555,-57.74058613334974,-36.2518745385056,-41.746476372972566,0.0009683929257936983,-28.706347551478263,-49.72113889826707,-33.010713465292575,-36.06610371023494,-0.6
-0.4,1,saw,rally,-14.966904992760178,-53.57496856013142,23.653391370949663,-34.81654912563478,0.0017081577473022675,-19.78978746249012,-15.193466054328974,-15.03653712105132,-15.03653712105132,-0.5
-0.4,1,saw,flat,-16.179087131282756,-56.28683508260322,275.65102859582225,66.35022253827698,0.006196258495116069,-41.86992497516248,-15.35440732846941,-16.419319284080213,-16.419319284080213,-0.6
-0.4,1,saw,fall,-17.1051998760669,-57.3138291924105,73.14208090771308,-4.515631397878095,0.0011722651206976349,-15.45943047491216,-17.692172842088503,-15.814623292613316,-17.372104185558257,-0.6
-0.4,3,front,rally,-20.476159238822262,-41.82593680728132,107.88062397383426,28.94952668045017,0.00086645682834173,-27.76669020759925,-14.384291739146226,-17.33081457372412,-20.550640534332544,-0.4
-0.4,3,front,flat,-36.552403240342166,-47.39512847176183,-15.384364046431251,-10.857625825456765,0.0008082076297977483,-44.0998350632657,-36.239613000310186,-22.80106189810816,-25.41773166165543,-0.5
-0.4,3,front,fall,-18.645073696382774,-57.54752384440201,28.69371495847548,-44.14045783760149,0.0002548402436299206,-15.08178987974308,-20.80643183337353,-16.707170476439103,-18.711677145305416,-0.6
-0.4,3,linear,rally,-16.41221218411517,-45.922826522930414,54.23726695315607,-15.802177158022824,0.0011140159221536528,-14.136805055336744,-14.040792302001105,-15.90417922737707,-16.609337857749374,-0.5
-0.4,3,linear,flat,-18.51124845928333,-51.40966700688432,31.986301298462205,-3.923825320509644,0.0024246228893932444,-35.84223603768925,-15.042805062134113,-15.77962765255928,-18.75500980317501,-0.5
-0.4,3,linear,fall,-38.22732733825469,-49.16097155912789,-19.11441106734452,-14.323874302736304,0.0004587124385338571,-38.96803200719344,-21.57778828329183,-24.64985445788525,-27.1016449617015,-0.5
-0.4,3,back,rally,-23.05174731917966,-55.80043214614634,44.84799794598455,1.2498325758852236,0.002351811391213267,-23.034286553015782,-23.168297981664697,-19.66368305494599,-21.765891632833625,-0.6
-0.4,3,back,flat,-18.70400516672629,-42.09531440689912,68.35313580159308,10.965516744831616,0.007166107650873367,-16.965133966374736,-14.980981894368828,-16.624423204918514,-18.81084207761379,-0.4
-0.4,3,back,fall,-34.09391352339474,-57.620881282584136,18.297252882036897,-22.49595354690048,0.0009683929257936983,-21.19496239864,-20.72172824276666,-22.61992826352571,-26.304707568431706,-0.6
-0.4,3,saw,rally,-44.749913172332725,-46.981215009677946,-24.40303578559025,-7.0058251536280425,0.0017081577473022675,-42.19413961301464,-44.226322872478775,-29.52667011156954,-32.821785099702275,-0.5
-0.4,3,saw,flat,-23.85020782489773,-43.86853957654549,23.151489774080613,24.4188287967656,0.008674761893162498,-21.728470240981125,-30.14897881813966,-18.273318619765742,-20.15341586086325,-0.4
-0.4,3,saw,fall,-14.19358905925554,-38.4983627864066,99.29803786498977,121.4780673789377,0.0016411711689766886,-18.922761618050966,-14.832949072057822,-14.216991601136597,-14.216991601136597,-0.4
-0.4,6,front,rally,-19.22710667021995,-48.25409108449181,52.898220342543546,-3.171043039425925,0.0003038225242237235,-22.28175793781839,-15.24787667209797,-16.68660209939241,-19.52219081495316,-0.5
-0.4,6,front,flat,-31.99061731512877,-60.60977959180987,-23.625068007202177,-49.62920576545745,0.0011021013133605657,-31.457738920352128,-24.96024838701909,-18.33824961505629,-21.628153533507653,-0.6
-0.4,6,front,fall,-23.187113921787304,-44.33261830362688,34.76631224217699,-13.711252042559918,0.00029190791543063635,-22.22527029590783,-20.11855271696278,-18.497192106885805,-21.61042543637973,-0.4
-0.4,6,linear,rally,-20.622076248062736,-43.15799198457076,37.69631877176385,17.05374282816472,0.002126757669566065,-22.08227276037118,-16.17212716843882,-16.170817318580777,-20.932164519653817,-0.4
-0.4,6,linear,flat,-28.562971693747883,-36.42064948588939,24.71325353107028,63.68896205533956,0.0046288255161143765,-28.71801089062891,-27.182527282450764,-20.534121336691197,-22.995714011098944,-0.4
-0.4,6,linear,fall,-26.15808069676316,-61.767097731797705,-17.079677479543953,-52.43730345427782,0.0006255169616370778,-22.85258109283808,-20.59234582814724,-21.377708119837543,-23.596347052761,-0.6
-0.4,6,back,rally,-32.5722000926613,-51.58165052964849,-7.756552893345425,-16.71277871124206,0.0011545255920501494,-27.893501379727816,-22.65312021678312,-22.367004343829088,-25.291484315989443,-0.5
-0.4,6,back,flat,-18.188185006900028,-57.26665904255941,64.93039799119269,-8.418217611469636,0.00418798499077015,-25.400933817105976,-19.371775319954164,-16.308195325876074,-18.175863059423115,-0.6
-0.4,6,back,fall,-23.00266185724855,-60.75428105060443,1.1135813935732708,-25.62467244313652,0.0007923214847402985,-33.767071991018774,-20.52104953366458,-18.69974588170436,-21.11658162986541,-0.6
-0.4,6,saw,rally,-22.179197825994542,-69.73499051544285,3.1004931233974853,-65.74801645316744,0.0023293060190485468,-26.79856779665395,-21.71346962784608,-19.240154610011984,-21.526907348238723,-0.6
-0.4,6,saw,flat,-45.51115025907191,-59.02178410516904,-26.175136493813824,-39.720331351073455,0.005069666041458602,-40.05219199557182,-38.76825725431468,-27.79416904797015,-30.75691468180509,-0.6
-0.4,6,saw,fall,-25.917264312431985,-41.84901780621316,-8.066335503687515,7.5759011882210014,0.0013427764109809274,-31.0960315359609,-28.166810380095765,-20.003117439824518,-24.089108825175565,-0.4
-0.4,12,front,rally,-19.25390097121502,-62.25518924102864,93.99481573135714,-5.4503703576863405,0.0010690051778242124,-14.867342536915151,-17.53797345060566,-16.537585425886626,-19.613581267644356,-0.6
-0.4,12,front,flat,-28.50697731789915,-60.24240210550676,71.89879274137789,19.21966848844596,0.0023266583282056386,-22.8667618175596,-24.94220652616549,-19.783147536872782,-22.3607440304445,-0.6
-0.4,12,front,fall,-41.9209057185725,-46.54195964100681,-20.00007779008841,-17.996290343200304,0.0002641071615800995,-49.998533350553785,-32.487562676074724,-30.594314644632657,-31.360282615253265,-0.5
-0.4,12,linear,rally,-32.409891782404934,-64.34643931166129,141.9970709815958,45.60575226387087,0.0032070155334726373,-30.98711500574312,-33.39026018521387,-23.82422654102132,-26.47446863710047,-0.6
-0.4,12,linear,flat,-19.764287288119643,-59.55281278338498,10.177763653459415,-24.760852928994336,0.0069799749846169165,-14.884591554261794,-16.748025668835854,-17.073402353470644,-19.789405389315327,-0.6
-0.4,12,linear,fall,-29.27193247962474,-61.29301916010388,9.30813103584831,-22.894251762986627,0.0013205358079004979,-27.7984694743589,-24.74822894306044,-19.35279877822565,-23.344691970294217,-0.6
-0.4,12,back,rally,-30.45574462246021,-72.4658968315736,-12.497171284573827,-62.53408749778615,0.004062219675732007,-24.1888710561142,-24.14526336323487,-23.04320985802326,-25.02160674917645,-0.6
-0.4,12,back,flat,-30.922177420609533,-71.74159615370402,12.75711432392388,-32.1091541415502,0.008841301647181428,-40.725252850360384,-24.735738092064828,-21.37081256223896,-23.623987657516366,-0.6
-0.4,12,back,fall,-35.813346886167515,-44.27324868343885,31.196036823665786,54.16467621555257,0.002341750166010216,-33.57554289693637,-31.24888492797632,-23.76520107907084,-27.14267102574241,-0.4
-0.4,12,saw,rally,-19.75101260448975,-69.71125857562699,111.34046681282028,-41.06996858401731,0.0049174238179913775,-19.81792840837005,-12.427531026873773,-17.68845101625198,-20.3702570890662,-0.6
-0.4,12,saw,flat,-34.476019543818104,-62.956234790155705,6.385459040786845,-23.5713365016052,0.01070262830974594,-41.23720977137015,-28.48865065417179,-22.00635382297047,-26.553485326305893,-0.6
-0.4,12,saw,fall,-30.90775294031656,-45.063996998592216,78.74285968773552,79.28044003047596,0.0012148929432684579,-31.61670149396496,-30.544580522961017,-22.805426750664004,-25.30377988613361,-0.5
-0.4,24,front,rally,-42.248359335202245,-69.55034910151844,-21.055859490528995,-51.30730695617408,0.0005063708737062057,-47.71174847341379,-38.73896048114469,-25.864486608217195,-28.59941882735344,-0.6
-0.4,24,front,flat,-37.614768880617255,-57.011092842177376,-10.571956597647624,-17.679579694074842,0.0011021013133605657,-45.8141143024541,-42.07059899116761,-24.77432220263761,-28.350704017981865,-0.6
-0.4,24,front,fall,-34.32877576516332,-72.18311414694621,-23.32384578858532,-65.48516779092526,0.00020850565387902595,-25.272954243641934,-19.46401233332282,-24.02076967625666,-26.09631106481888,-0.6
-0.4,24,linear,rally,-21.135803111799323,-47.88423524221689,57.6848213469118,-11.004530673347157,0.0009114675726711706,-23.437819626301803,-20.868184188730112,-18.13579404500072,-20.778640657696144,-0.5
-0.4,24,linear,flat,-22.48763717891993,-58.073839273576034,-1.059783248246049,-31.68144432358767,0.003306303940081697,-18.969791482992846,-19.395977449918988,-18.147343415281945,-21.04290038948216,-0.6
-0.4,24,linear,fall,-34.295630845415616,-51.93148442603695,147.16402180598715,71.62725230167568,0.00037531017698224674,-40.18839375324617,-30.880229631824164,-22.793894597076857,-26.301051642144945,-0.5
-0.4,24,back,rally,-20.925264139499568,-55.15557496539728,54.379584186474574,-3.977683072438065,0.0019242093200835821,-21.35473764299292,-18.179212101542184,-16.771767594839115,-20.891875807697147,-0.6
-0.4,24,back,flat,-36.42260804064756,-63.27364245110812,69.27455016921529,20.175437680848063,0.00418798499077015,-36.10781202788842,-27.408284313476404,-25.01791745951037,-27.73097920384896,-0.6
-0.4,24,back,fall,-36.43581536794819,-38.775775391792834,-2.670316021132091,41.24560825663481,0.0011092500786364181,-37.45532730536338,-34.98134719600701,-24.791808600110933,-27.12714072118657,-0.4
-0.4,24,saw,rally,-38.83684759261694,-56.285805558837424,90.8254572346815,73.03758095637276,0.0023293060190485468,-33.90288711413244,-35.64676396239602,-25.379948395196784,-27.20380357626442,-0.6
-0.4,24,saw,flat,-47.260736701298086,-42.32535136745672,30.08679909864316,43.82502801006147,0.007097532458042044,-43.922830835935976,-43.49609639422784,-28.54316428747329,-32.66022011068427,-0.4
-0.4,24,saw,fall,-62.20814627414249,-58.21985274353088,-44.45108820760072,-35.579133883766524,0.0009591260078435194,-55.149706380175125,-54.60529593570588,-39.92155669055778,-41.235968324575424,-0.6
-0.4,36,front,rally,-31.421772579147945,-71.98682931054634,43.38334092108453,-30.42130365973049,0.00028131715205900325,-27.34073901187244,-21.029468558568944,-21.84194538986556,-25.369409548592504,-0.6
-0.4,36,front,flat,-35.068979020386834,-38.07700073365408,49.04493201860088,98.40427722129331,0.0008571899103915512,-36.020665503476344,-30.28675988971464,-24.418287977873263,-27.419797092587427,-0.4
-0.4,36,front,fall,-37.54393066724829,-48.252245895127245,22.38408868651329,46.36223366306731,6.950188462634198e-05,-38.98366980544182,-33.7690827984625,-25.44070682551577,-27.209694488294435,-0.5
-0.4,36,linear,rally,-36.81810341546116,-74.72423843788553,39.85327642783765,-39.14879528637558,0.0008439514561770098,-41.11236166364838,-27.70375138522333,-25.313378552660627,-26.59731883822881,-0.6
-0.4,36,linear,flat,-21.686990710985626,-65.56297736140209,86.56835086872678,-4.878771720658626,0.0018368355222676096,-28.45963517161525,-21.6875054770603,-18.71562086272609,-21.23454025978884,-0.6
-0.4,36,linear,fall,-36.65601694452158,-59.59749403985424,6.916028328441959,-19.8292983189178,0.00034750942313171,-31.58087469987316,-34.04288888584696,-25.458030386957176,-25.130584920878015,-0.6
-0.4,36,back,rally,-33.83316702039178,-39.96028793672946,21.71811096509977,11.768834370858672,0.0014966072489538973,-34.386932821004514,-25.87113556979377,-25.24718183353547,-25.757643669739583,-0.4
-0.4,36,back,flat,-32.46506772436746,-62.6479914556902,-19.90804705858892,-34.3690093536714,0.0023266583282056386,-47.7989721164818,-24.29853656398476,-21.365381686610863,-25.41705248306423,-0.6
-0.4,36,back,fall,-49.37979508885374,-55.06674442117281,28.761620146870737,23.1208599532466,0.00044017860263349925,-38.49309708180435,-26.69939114009432,-32.22810557630954,-34.21141001327952,-0.6
-0.4,36,saw,rally,-24.237564831375067,-70.40659229738651,64.16327018217227,-17.517434541297106,0.0012940588994714147,-40.087512267183534,-16.464636860858505,-18.78358882990925,-22.84361436474247,-0.6
-0.4,36,saw,flat,-45.41961662499361,-61.98282371433312,-35.07038495341428,-27.304450674399472,0.002816481134143668,-38.08578737156266,-24.58129726278028,-26.9273109848841,-30.338633673022443,-0.6
-0.4,36,saw,fall,-56.19189918646803,-55.80939937711437,-29.901899062664693,-23.142385367671785,0.0005328477821352885,-56.830499936173474,-44.131123435756734,-37.83548830240733,-40.01383117095387,-0.6
-0.5,1,front,rally,-22.563754413644432,-54.52448307818185,45.10450845229008,-16.6230407992891,0.0003713386407178842,-21.39032526364435,-29.775274975574064,-17.672960592830034,-21.31901426964121,-0.5
-0.5,1,front,flat,-23.89509915182585,-48.48938691769021,-2.313176322096433,-1.2849836981620566,0.0008082076297977483,-26.56169593669325,-24.62613734807939,-21.06290622041336,-21.570156853302024,-0.5
-0.5,1,front,fall,-26.51436940616472,-65.34539302898429,3.315896669313023,-42.35619977358097,0.0002548402436299206,-28.887017611961785,-28.59855149067746,-19.702483107278116,-23.16479944800684,-0.6
-0.5,1,linear,rally,-16.542414870485434,-62.54970113392186,43.33247055726892,-39.643736566473095,0.0018566932035894216,-15.636931602014135,-15.636931602014135,-16.33917475410329,-16.971408188376447,-0.6
-0.5,1,linear,flat,-20.843104690046044,-55.777479497104295,11.622582892324562,-8.542093076416446,0.004041038148988742,-20.2427001876548,-24.026477319813267,-19.1713381672168,-22.391978298043803,-0.6
-0.5,1,linear,fall,-57.69270680127108,-70.04157968773555,-54.026198062679455,-65.75538460920545,0.0007645207308897619,-55.374410989123376,-55.25130093977933,-41.84742220821873,-43.00694005538313,-0.6
-0.5,1,back,rally,-55.63147241319619,-53.98321905842677,-29.923396342335483,-4.677887597197861,0.0014110868347279603,-56.06514002638603,-56.03698480384044,-37.76626453026473,-39.14693556105115,-0.5
-0.5,1,back,flat,-61.0997470205918,-63.13109177629935,-16.128130535280427,-19.541792995250805,0.005118648322052406,-59.39063837328655,-54.87084417513033,-41.14836596366131,-43.60637395682113,-0.6
-0.5,1,back,fall,-63.23609576570666,-68.54199801789478,-46.26043148031981,-38.12304557033759,0.0009683929257936983,-63.09903900605478,-62.18359234687802,-42.77438014788317,-45.0856239132066,-0.6
-0.5,1,saw,rally,-20.7793814756864,-55.41039002853062,103.8565361531004,5.9038514392264485,0.0028469295788371126,-24.42000468666341,-18.054327253334755,-19.84867384300629,-20.95192011367392,-0.6
-0.5,1,saw,flat,-25.73580448182588,-49.67372638815348,-16.963320057673915,-22.24428188985842,0.003717755097069642,-18.479139196241423,-15.118390371859691,-18.916354268691997,-22.19377953186522,-0.5
-0.5,1,saw,fall,-54.38529732936021,-52.84259154812175,-24.19343807124512,-33.99241986407695,0.0007033590724185809,-54.392400172697286,-54.62926674547277,-39.19616449504255,-41.50487070308516,-0.5
-0.5,3,front,rally,-20.98766207620644,-69.87688220822741,-6.241203273971374,-61.93757736598941,0.0006188977345298071,-16.902438500109483,-11.420340163504171,-18.778734962065247,-20.61302099496194,-0.6
-0.5,3,front,flat,-39.32442772320661,-58.739244101611646,45.44772022611474,13.947415836379683,0.0013470127163295804,-38.47951202649803,-40.368441924173545,-26.779968474343,-29.06366954800824,-0.6
-0.5,3,front,fall,-19.553218626783764,-54.89671473085453,45.30391974756816,7.89334400171422,0.00015290414617795235,-16.798175425398043,-19.17116907993147,-17.129205423210315,-19.662702694011514,-0.5
-0.5,3,linear,rally,-21.56610421444649,-35.701012085951575,0.6502017179626618,-4.171928672359848,0.00259937048502519,-21.355700422700995,-21.55140105056882,-17.729413872185095,-20.79468375522441,-0.4
-0.5,3,linear,flat,-26.19707803143089,-56.47433018813235,86.50338249096197,78.55836483075504,0.004041038148988742,-29.23954704347028,-28.299368485411,-20.150608184431075,-22.91217870025537,-0.6
-0.5,3,linear,fall,-26.850724345655863,-57.63987627607017,42.24758479137196,30.69470286237368,0.0007645207308897619,-27.88262068883917,-26.718979981065548,-22.270031970777715,-23.778317988266476,-0.6
-0.5,3,back,rally,-25.10411623208678,-54.01882314999259,-1.8865323494314912,-33.644151508809216,0.0014110868347279603,-18.26912569567617,-17.541131622252294,-18.042592469890582,-21.1872008248714,-0.5
-0.5,3,back,flat,-28.722586719385625,-39.98875753894963,16.43245649089826,48.616701368240925,0.007166107650873367,-24.85111936569668,-29.638403954939065,-21.263191073807,-24.181422580460044,-0.4
-0.5,3,back,fall,-50.483819758415,-57.43776823337832,-14.88364486659476,-9.137866739937271,0.0009683929257936983,-51.1126941103004,-48.07205929385066,-32.80101682377888,-36.265556935102005,-0.6
-0.5,3,saw,rally,-22.3052484144624,-52.385655805668144,55.12778660166799,-1.508845315713614,0.0017081577473022675,-22.56819702797991,-22.03627260120117,-19.84667199902556,-22.870262285040333,-0.5
-0.5,3,saw,flat,-36.050345706673184,-69.52419263063688,-9.87743601902392,-57.09343019396482,0.006196258495116069,-31.41313009614923,-31.58791954603776,-21.88556327109093,-25.224736592591057,-0.6
-0.5,3,saw,fall,-33.69148403764154,-53.749317783203686,0.1782033716094311,7.588745015223708,0.0007033590724185809,-33.28581670601326,-39.009297707475696,-27.36164087327777,-27.32579621791508,-0.5
-0.5,6,front,rally,-21.109543480341163,-45.28451602769115,68.56432882497371,55.475045155002654,0.0003038225242237235,-22.73235073204341,-20.382758179087624,-18.3859415273074,-20.717610133908448,-0.5
-0.5,6,front,flat,-27.921277182769465,-60.23453370488967,52.08642308245941,12.766643631338193,0.0011021013133605657,-27.779266457051826,-20.32645516651965,-19.833244260731615,-22.71756648729375,-0.6
-0.5,6,front,fall,-23.699280899895047,-59.15970765028786,73.5676629197161,-11.118568811465323,0.00020850565387902595,-24.2002172494996,-17.285914974133433,-19.595621890994387,-22.97147854492161,-0.6
-0.5,6,linear,rally,-24.22169898296801,-57.72112266254419,0.2169256769130045,-52.514808251615065,0.0015191126211186172,-26.264631792951064,-24.523385795630503,-20.603379806348688,-22.601457256816904,-0.6
-0.5,6,linear,flat,-29.14794724615709,-54.11430596076495,95.53146592845508,30.78150994442668,0.0019837823640490183,-31.845974454828507,-26.56885072315498,-20.93381027252459,-23.98294982426633,-0.5
-0.5,6,linear,fall,-36.26938735280378,-68.72060712333861,-21.47734851363748,-37.003560176126015,0.0006255169616370778,-33.0406251192399,-30.666327118575165,-27.26708440699962,-30.314474730385555,-0.6
-0.5,6,back,rally,-25.1982615730747,-54.36345179400559,57.90464951446723,5.1319235359104765,0.0011545255920501494,-17.264063088696314,-14.36605072094046,-18.41369244462858,-22.835328936749,-0.5
-0.5,6,back,flat,-27.92723143059218,-55.32387848603091,-7.187655558349415,-28.093056956230424,0.00418798499077015,-28.081629097276828,-30.10748379941677,-19.501709057297468,-22.83423403542162,-0.6
-0.5,6,back,fall,-30.564536356843565,-69.41643527287873,9.3587993054276,-36.02821221628412,0.0007923214847402985,-23.06350185145489,-18.45947644848691,-18.084011516083063,-23.59473201463591,-0.6
-0.5,6,saw,rally,-40.88720322425515,-59.65808903283363,-9.032958731264609,-31.18126387770119,0.0023293060190485468,-24.655795940336954,-24.3510729553922,-26.91921565611053,-30.170405006172054,-0.6
-0.5,6,saw,flat,-26.98154744590039,-67.93376066937282,134.83283365608588,8.845847747876467,0.005069666041458602,-26.938126015777275,-27.1069215340749,-22.365949165193843,-23.83538168404319,-0.6
-0.5,6,saw,fall,-27.239731014508028,-51.5041975774027,33.88317079577645,-6.440884386936441,0.0005754756047061117,-17.95988720481142,-26.899360612222832,-20.543715931192875,-23.46679973556009,-0.5
-0.5,12,front,rally,-23.621485419850064,-64.41646823939384,45.93012700374874,-44.027542886252135,0.0010690051778242124,-16.215361132411243,-16.203167334295077,-19.14742579565515,-21.872025312346167,-0.6
-0.5,12,front,flat,-26.25235362654045,-80.88227315299432,15.796052563795726,-60.732727632546045,0.0023266583282056386,-27.94513395729885,-21.46530693468404,-19.331080534682066,-23.24919346693905,-0.6
-0.5,12,front,fall,-26.39338148947249,-52.14377136716061,14.89822017998328,18.14277767364365,0.0002641071615800995,-28.32011232713057,-26.51662911680247,-21.31253646588982,-26.024032571693105,-0.5
-0.5,12,linear,rally,-19.04773528715704,-50.78866665066934,68.42309199728153,19.21295031242401,0.0019242093200835821,-30.288326577573145,-17.247797784388762,-17.33085433910605,-19.107914240605904,-0.5
-0.5,12,linear,flat,-18.197140689143843,-65.51524100945505,124.15311134817766,11.51492748448295,0.0069799749846169165,-20.781092871915817,-17.627423771221384,-17.646022431898068,-18.73224958987297,-0.6
-0.5,12,linear,fall,-28.615279262658213,-45.16239053150623,-0.050148963258445,3.855908279643172,0.0007923214847402985,-25.805126259951304,-26.73618613259784,-22.01499802091884,-23.108787440059675,-0.5
-0.5,12,back,rally,-20.58140237756272,-57.76420311306474,34.12344938200364,-34.20557101275751,0.004062219675732007,-16.663332364766482,-16.598883002300912,-17.823902920058366,-20.90576104272689,-0.6
-0.5,12,back,flat,-29.060158371688303,-79.63653080090312,40.00640155091073,-65.82540301965365,0.008841301647181428,-34.857531123274256,-27.346506187516063,-20.68699452933235,-24.84585919021225,-0.6
-0.5,12,back,fall,-26.61138346362273,-71.69757151230873,-4.588377720949433,-44.71240617367659,0.0016726786900072973,-26.2669129506308,-23.958306947843976,-20.590345759600147,-24.08069239611472,-0.6
-0.5,12,saw,rally,-15.039434938203522,-69.13130002108761,65.725859512338,-32.299573198149204,0.0049174238179913775,-25.454568145368263,-15.44848307006088,-15.42467720591828,-15.56285136290263,-0.6
-0.5,12,saw,flat,-40.44772950631719,-59.74852365481579,-19.2196572560407,-39.40599919970128,0.01070262830974594,-28.504741090445584,-30.73799362410329,-25.734144018777915,-27.97828544288588,-0.6
-0.5,12,saw,fall,-24.585648646922355,-49.70562863853888,57.085733647217786,7.343204058315855,0.0012148929432684579,-23.057270593654533,-16.134490251395473,-19.41377428908713,-22.657485861348235,-0.5
-0.5,24,front,rally,-30.3363374264018,-64.63294631769152,79.0326135219455,-4.110900218220559,0.0005063708737062057,-28.26835659441632,-17.04476954933022,-23.14470243381993,-25.815443270360127,-0.6
-0.5,24,front,flat,-45.337866819694085,-69.02655352610773,7.583003622134465,-14.270132224033228,0.0011021013133605657,-30.00392778812165,-40.03777268915491,-28.1984488608262,-31.373063554196257,-0.6
-0.5,24,front,fall,-30.60146331729496,-58.88438793744041,3.355426569185571,-8.182723786033485,0.00020850565387902595,-36.03491935860639,-22.39971817412916,-21.00096277404372,-24.261914640784862,-0.6
-0.5,24,linear,rally,-24.80399339436628,-77.70100570785718,19.580053873304525,-58.33178756456867,0.0015191126211186172,-25.22310218671332,-20.012105642984267,-20.33075513402989,-23.685408718521472,-0.6
-0.5,24,linear,flat,-31.25180643784773,-82.44994006969688,-0.0561449029153005,-69.0557575194604,0.003306303940081697,-30.290743892608607,-25.88436457412221,-17.926231299707652,-20.27763889896925,-0.6
-0.5,24,linear,fall,-42.06894261079239,-59.55590064309296,24.773811020938187,43.92232260263648,0.0006255169616370778,-45.25647013303302,-30.242868612225017,-28.88626000135185,-28.150474213587994,-0.6
-0.5,24,back,rally,-31.14753870383411,-60.68615738211476,33.30882565450932,-15.901039322233046,0.0019242093200835821,-38.29411386466652,-28.57313063463984,-20.398059651996903,-22.461310641370314,-0.6
-0.5,24,back,flat,-35.365842830151884,-85.0391742811977,-18.648619343152063,-71.55418110505498,0.00418798499077015,-19.0480825203297,-23.21333995912352,-24.29451266392197,-26.89747304891431,-0.6
-0.5,24,back,fall,-29.62895036585417,-72.72000855844819,-21.25568128188391,-66.59571016175074,0.0007923214847402985,-36.13162635581135,-24.30413341182286,-21.569619450152764,-24.28207885982712,-0.6
-0.5,24,saw,rally,-28.74548398046769,-64.76261044717943,0.7182586871200103,-49.62298632151151,0.0023293060190485468,-28.031979901992425,-20.65316391036146,-22.779450254059263,-27.31930837133769,-0.6
-0.5,24,saw,flat,-32.665456272873286,-63.59849942585187,67.12931367210444,17.282718162187848,0.005069666041458602,-30.227327765552083,-25.884030446585303,-23.6209788377988,-26.16810838595733,-0.6
-0.5,24,saw,fall,-30.86193718487189,-38.992570073115616,67.19265413881679,61.65494855255134,0.0013427764109809274,-34.02611674839863,-38.86756273737883,-20.994071790448174,-25.252529704071115,-0.4
-0.5,36,front,rally,-21.687165566466483,-88.33015975339865,62.396919569793454,-77.06217682996406,0.00028131715205900325,-22.68014764866326,-23.60344422272845,-19.579315085181054,-23.11124169651706,-0.6
-0.5,36,front,flat,-25.56094490832164,-71.76607439688152,131.17736186560754,-9.264261619690284,0.0006122785074225366,-28.69047527122921,-28.498166538868563,-20.60212929467574,-22.862071578662867,-0.6
-0.5,36,front,fall,-55.71308654733657,-63.70641536729296,11.71203225891688,14.055508945406148,0.00011583647437723665,-39.995867184159,-40.06842767685468,-35.7990895592372,-37.33399467512895,-0.6
-0.5,36,linear,rally,-24.35632609611604,-73.11660053353725,77.4042545570096,-15.525484743663798,0.0008439514561770098,-23.00565284892301,-26.621982737416904,-19.60304359802636,-22.519653142357843,-0.6
-0.5,36,linear,flat,-26.419558838838007,-65.55090803395645,158.03024303431016,17.340718825743128,0.0018368355222676096,-35.42055611752147,-34.69287203639093,-19.125889779005657,-23.14631401938608,-0.6
-0.5,36,linear,fall,-52.10248938419186,-66.66597591716507,-18.80360005310614,-18.487397535121552,0.00034750942313171,-51.80625035700064,-36.84296739596992,-33.23560633146197,-35.26382280830329,-0.6
-0.5,36,back,rally,-43.876850936372,-54.2523759960116,57.22117084034912,104.93585062144687,0.0006414031066945274,-44.223018255843016,-58.56200995847729,-26.31765149195925,-29.062803717480826,-0.5
-0.5,36,back,flat,-22.06116241557621,-77.44640774596269,47.21696200142917,-60.69288256046276,0.0023266583282056386,-20.830363940270825,-21.8189794007033,-18.328579535518276,-21.432908388563355,-0.6
-0.5,36,back,fall,-46.202698400575656,-64.24594587911143,64.82089054556495,15.743731024451211,0.00044017860263349925,-47.49505247575439,-50.83855919844862,-28.363816837028377,-31.34634560726881,-0.6
-0.5,36,saw,rally,-28.66210816285452,-80.77844365636282,-5.400810745663243,-72.94431959658287,0.0012940588994714147,-27.566424043229286,-24.066292954373942,-22.864213744593552,-25.914997790589744,-0.6
-0.5,36,saw,flat,-28.62123988411557,-52.73206897301954,89.37759133792515,71.62430862223638,0.0016898886804862009,-28.66813364708304,-34.72217462410545,-22.189135582321896,-25.18885555011812,-0.5
-0.5,36,saw,fall,-35.16345856795318,-80.83057793905407,47.56047922964455,-52.59594892675528,0.0005328477821352885,-26.425248622963416,-13.50489038352256,-19.372549019725938,-24.4024785705107,-0.6
-0.6,1,front,rally,-51.94436528637267,-51.875589380474274,-0.31329299721643,43.045448820512,0.0003713386407178842,-52.30427545626768,-52.83310542671815,-35.97398301016026,-37.00391269509613,-0.5
-0.6,1,front,flat,-24.824722185685488,-72.40272807821948,7.637436855822233,-59.35363384883636,0.0013470127163295804,-27.46302935998002,-14.172519830504404,-19.094000819752495,-22.737109399308164,-0.6
-0.6,1,front,fall,-22.984987042267168,-58.72139904738458,22.52158707607905,-24.16670664075468,0.0002548402436299206,-64.65783072380611,-27.30111264314908,-17.445808993754696,-22.57318921449857,-0.6
-0.6,1,linear,rally,-22.34926728270869,-66.85729885534857,172.39594822383418,-27.69294810044999,0.0018566932035894216,-21.953155575358675,-21.9526572720121,-20.42848473201841,-22.064028583947483,-0.6
-0.6,1,linear,flat,-16.94653384875625,-62.87189161358617,89.77032082828762,-5.883560691199863,0.004041038148988742,-18.75439192572973,-10.316988568526774,-16.312179426237893,-17.258152191007483,-0.6
-0.6,1,linear,fall,-25.328566117553752,-73.84901465279651,-0.9754352074839544,-49.26321271947624,0.0007645207308897619,-25.64388532487861,-25.429547215624947,-17.881104813314863,-22.022172457640437,-0.6
-0.6,1,back,rally,-36.08665965296471,-76.35668151793719,-12.161084384434783,-62.22116170295997,0.002351811391213267,-19.07443480906571,-10.735169795815755,-24.209620503167727,-26.3433394398678,-0.6
-0.6,1,back,flat,-21.73668218807503,-64.24975940796669,36.52837115069861,-28.34473341129489,0.005118648322052406,-21.702137917853737,-21.71334428146453,-18.55243831454142,-20.812385637301954,-0.6
-0.6,1,back,fall,-66.67538294891196,-65.94803977687964,-44.680772681713066,-37.92365733944144,0.0009683929257936983,-69.25043557705452,-66.96441211598483,-46.78024896576031,-47.71536855736832,-0.6
-0.6,1,saw,rally,-21.64747783016748,-55.68278143228647,3.2412995755949137,-32.78586082717937,0.0028469295788371126,-20.16117754407777,-22.789810358278817,-18.80145210515201,-22.638544092222705,-0.6
-0.6,1,saw,flat,-13.980030385053032,-66.59515839695746,105.79618403971772,-12.003770106550505,0.006196258495116069,-18.52321233217915,-14.023427997725513,-14.43951033238391,-14.43951033238391,-0.6
-0.6,1,saw,fall,-59.41325241803172,-66.2772323077781,-26.17741051862953,-46.51258766878152,0.0011722651206976349,-58.3786152699276,-59.748195914601695,-41.62507031103111,-43.67538012065933,-0.6
-0.6,3,front,rally,-14.146847286964892,-59.5539388191126,41.56444826140466,-8.430093473775802,0.0006188977345298071,-17.094846341910685,-16.990478558529688,-14.578011879902697,-14.578011879902697,-0.6
-0.6,3,front,flat,-25.36467585696026,-57.36289761513835,-4.528768349642842,-10.118941705813125,0.0013470127163295804,-23.68201826211392,-19.206478129802672,-18.349056461415604,-22.707038363525434,-0.6
-0.6,3,front,fall,-42.799203563767016,-61.49900568958695,-9.246815273092778,-16.701164048728568,0.0002548402436299206,-43.69682504548374,-40.621493909823606,-27.80433835942827,-29.766009933481385,-0.6
-0.6,3,linear,rally,-14.52221106938758,-78.32901880413145,147.43512163168214,-33.55595867777416,0.0018566932035894216,-23.163703482387287,-13.42063801162876,-14.810080845219776,-14.810080845219776,-0.6
-0.6,3,linear,flat,-16.679201720062274,-67.02343609450239,46.92638337410866,-32.60000078851883,0.004041038148988742,-16.956184727984123,-15.2953583073137,-16.257094215962866,-16.763113534171403,-0.6
-0.6,3,linear,fall,-31.054017576680828,-61.211325552331445,26.42822164651868,-7.9742824080432655,0.0007645207308897619,-32.8508905814419,-34.094092905410314,-23.828142759832502,-25.77242883980569,-0.6
-0.6,3,back,rally,-25.748881645102063,-67.19923446383058,37.48501877473671,-29.889292242910727,0.002351811391213267,-25.10697419885141,-24.931325274486127,-20.328846481780616,-23.24233066087905,-0.6
-0.6,3,back,flat,-19.55956209591505,-64.00601405050446,30.922614105735136,-34.26909173839229,0.005118648322052406,-15.2944886568944,-13.928016424560264,-16.890951683691824,-20.046872825633667,-0.6
-0.6,3,back,fall,-24.919149789463603,-64.05994837829306,12.988413538622146,-31.12142211987636,0.0009683929257936983,-25.885837545926137,-25.2450711999774,-19.870066877847737,-21.54550933636331,-0.6
-0.6,3,saw,rally,-19.602806285544915,-70.4283301768232,11.682951693256904,-56.81352837682101,0.0028469295788371126,-21.4300743407736,-20.71152154427056,-17.012052730193815,-20.484202944288757,-0.6
-0.6,3,saw,flat,-25.83468397942836,-52.89061937227677,45.569709174083805,21.22692601645557,0.003717755097069642,-20.704777735130765,-28.86278629064993,-17.904830459038646,-22.818887454054646,-0.5
-0.6,3,saw,fall,-39.14295012441124,-63.94208913342459,0.5394185161091691,-33.169221560173646,0.0011722651206976349,-35.18944420273087,-34.850559873627205,-26.71225206730513,-28.80913433382747,-0.6
-0.6,6,front,rally,-21.56109343074869,-59.24088427711898,44.72438379099679,5.785953745131955,0.0005063708737062057,-21.18522212636137,-20.53343169152368,-18.87293360996354,-21.16171367232169,-0.6
-0.6,6,front,flat,-17.24649488968386,-73.11847545279139,56.96102135477909,-42.7106873218248,0.0011021013133605657,-23.090927001226905,-17.537915912084735,-16.313716381632993,-17.51669800921801,-0.6
-0.6,6,front,fall,-36.322914385953645,-62.85123730176008,-28.2354220298763,-45.56017451178762,0.00020850565387902595,-38.06741422942461,-29.80024814409828,-23.347917151659612,-26.04562303211785,-0.6
-0.6,6,linear,rally,-38.09542899091783,-52.56489935847042,-24.69210317703585,-27.65743043660801,0.0009114675726711706,-32.96820636852996,-26.75000943776529,-25.543888046965403,-27.896381166887675,-0.5
-0.6,6,linear,flat,-18.31599777494487,-68.51436632612834,29.095576739941546,-40.6847790532516,0.003306303940081697,-21.9594430213901,-11.379268603430193,-16.7056360648405,-18.200723906440142,-0.6
-0.6,6,linear,fall,-22.68868939020828,-63.34992732282788,52.55307261831006,-19.24968548011712,0.0006255169616370778,-14.488220575103716,-14.567725762225036,-18.510079632555488,-21.77047378169493,-0.6
-0.6,6,back,rally,-16.057460171083214,-60.52148290041419,35.91042620770393,-22.89045855778934,0.0019242093200835821,-16.055469555695122,-16.15640175679095,-18.45612190314888,-16.189643108375197,-0.6
-0.6,6,back,flat,-16.00605895971361,-73.46067683273476,-1.3125926468192328,-67.56685112921335,0.00418798499077015,-22.44072372154752,-15.9462435276712,-17.36540920541596,-15.764416968688275,-0.6
-0.6,6,back,fall,-23.76767685582036,-72.4108276786603,6.018540907704706,-48.36263287880491,0.0007923214847402985,-27.612407802831296,-24.895549563934427,-19.7291132639971,-21.008577322392497,-0.6
-0.6,6,saw,rally,-27.804221683557383,-68.14243862295328,-17.818207963482312,-55.75023580167597,0.0023293060190485468,-27.7986628240275,-27.44823686384768,-21.633314117384472,-25.45631004490091,-0.6
-0.6,6,saw,flat,-32.80003682473478,-61.29518274935446,-14.717682488253724,-42.45021821034247,0.005069666041458602,-37.4648553561666,-38.3585878695075,-21.376240630405185,-24.38333835153213,-0.6
-0.6,6,saw,fall,-36.24476529989163,-54.3732115691967,55.16808202887813,15.890202480153558,0.0005754756047061117,-33.00677577150164,-33.20356950441471,-26.33856955304445,-29.786180371622827,-0.5
-0.6,12,front,rally,-42.37051593898981,-60.15327681616919,-0.7261016349278671,3.0925984650165272,0.0010690051778242124,-38.04912372056472,-42.49080812539338,-26.679771674475703,-29.53397063836564,-0.6
-0.6,12,front,flat,-30.471962597737388,-70.48493856027977,84.72539305102593,-5.276384695710878,0.0023266583282056386,-23.16350242024826,-18.476986160385422,-20.755216872840208,-23.57679622548663,-0.6
-0.6,12,front,fall,-39.55018216727897,-63.73483435552437,-29.214459646419545,-33.7664228786488,0.00044017860263349925,-38.741123903867134,-34.614602173268125,-23.90852125075452,-26.873922489252944,-0.6
-0.6,12,linear,rally,-20.3184390079336,-62.01988552916593,56.97563006015258,-22.441336173022453,0.0032070155334726373,-20.75614542165425,-21.11383064670336,-17.882289558055597,-20.253104266868384,-0.6
-0.6,12,linear,flat,-33.865255073392554,-64.8520395402503,-0.4977693582860376,-54.7296728445683,0.0069799749846169165,-32.82796744087604,-27.166248653019,-21.06203528539765,-23.56183787114448,-0.6
-0.6,12,linear,fall,-35.39447563141063,-77.80644635663623,29.67113353083885,-50.80459269160619,0.0013205358079004979,-40.92069115317454,-18.19653784042581,-24.272526204294785,-26.629114202855785,-0.6
-0.6,12,back,rally,-31.441928575157675,-61.44443036466476,-4.739198307342541,-31.756744670013592,0.004062219675732007,-26.708868846053235,-25.0145568005235,-21.14216021421487,-23.92816499991057,-0.6
-0.6,12,back,flat,-25.25479997316584,-82.39519175087885,-9.79858421031774,-80.17011195292343,0.008841301647181428,-22.56151642330809,-11.868905392333495,-21.764553465613755,-22.908702481609662,-0.6
-0.6,12,back,fall,-36.20995216015594,-71.51756461038984,-21.69792130893165,-57.62184017055467,0.0016726786900072973,-38.28511431009108,-36.906846351169385,-26.09350498218333,-28.9615967466334,-0.6
-0.6,12,saw,rally,-31.162050989166403,-77.01756210260014,35.79029900249513,-50.07698391963724,0.0049174238179913775,-28.8107006373589,-29.012463206784933,-22.75232531037792,-24.97692878326162,-0.6
-0.6,12,saw,flat,-36.30640901415887,-57.04628365278256,-3.173177377999703,-26.694290674412745,0.01070262830974594,-26.774337207618125,-30.082232979790767,-22.98703343915203,-25.40632575985564,-0.6
-0.6,12,saw,fall,-39.13320195070856,-45.66644234037145,22.52979975850593,58.97476840747251,0.0012148929432684579,-45.040686641484974,-48.65905735894168,-26.914684385527032,-31.333581888148757,-0.5
-0.6,24,front,rally,-25.87780793630893,-68.11347447983727,6.847653493315442,-45.30728145675168,0.0005063708737062057,-32.762531551550985,-27.63555418616601,-17.42074773349923,-22.671051515481857,-0.6
-0.6,24,front,flat,-34.08021616172776,-76.02009065784439,106.6826565687887,-26.929192444263915,0.0011021013133605657,-37.51918916504336,-21.336393338938983,-26.24767865398312,-27.67813575718464,-0.6
-0.6,24,front,fall,-23.31547701597242,-82.19117090936206,37.22370959963271,-50.97110784067911,0.00020850565387902595,-24.247398938978005,-22.856874340543342,-19.855290429395723,-21.94970186459804,-0.6
-0.6,24,linear,rally,-33.743885260913174,-65.1308995067629,-14.742533983559358,-54.15167420956981,0.0015191126211186172,-25.86926210840178,-28.49608768235775,-20.71481027981764,-23.954697465171016,-0.6
-0.6,24,linear,flat,-34.74832554556506,-65.9503632731942,-16.338912125518178,-52.549412364849005,0.003306303940081697,-29.29904598784372,-15.905088631453255,-21.69342443414905,-23.74556657411973,-0.6
-0.6,24,linear,fall,-28.25470569794819,-63.24474446836501,0.2772723886086403,-39.7179217819281,0.0006255169616370778,-24.110490183915545,-16.62305688905732,-19.28656763365738,-22.315879196195688,-0.6
-0.6,24,back,rally,-33.18256287043375,-69.41924417041545,81.58470062559108,-23.249229096124434,0.0019242093200835821,-11.6969334636587,-11.638094764844432,-24.14493332544868,-26.1805301968561,-0.6
-0.6,24,back,flat,-18.51665519258328,-75.08438576529404,125.40855602075573,-27.697139865167884,0.00418798499077015,-20.978621178208623,-19.22969024385336,-16.975685410718988,-18.54431621630378,-0.6
-0.6,24,back,fall,-35.16235699967436,-72.63296095244975,32.65661694456319,-26.4892223651069,0.0007923214847402985,-32.85052146098689,-45.64081307108077,-22.6794373752071,-25.93036968153416,-0.6
-0.6,24,saw,rally,-42.30274779519022,-65.19476036298482,-9.603523379505951,-8.375899417125021,0.0023293060190485468,-23.376912656371097,-27.414614291409933,-25.007910492644317,-27.083146371691168,-0.6
-0.6,24,saw,flat,-51.433411151419165,-63.72396217877767,-32.75261598999404,-23.986728308803173,0.005069666041458602,-41.60596157515566,-39.29904022694238,-32.05752801048208,-34.875152815867594,-0.6
-0.6,24,saw,fall,-26.279420834741103,-79.22693247891183,16.218696966571255,-56.763695067565045,0.0009591260078435194,-25.52273534267904,-25.68095666637579,-20.792424742009185,-23.25485362534949,-0.6
-0.6,36,front,rally,-27.204552277597585,-64.28114180065616,77.84025961449036,-25.92182412373195,0.00028131715205900325,-28.849953944736928,-26.915062182087656,-21.208462553137903,-23.234360541640488,-0.6
-0.6,36,front,flat,-30.22376411768224,-73.10148571462382,13.120060173882386,-34.67738918463953,0.0006122785074225366,-26.062199570751886,-24.16732866637092,-21.95781331726332,-26.720909518487268,-0.6
-0.6,36,front,fall,-42.53530504569474,-70.30212825919571,-20.542633457430703,-51.058567724399616,0.00011583647437723665,-41.646909565442655,-32.278876408475654,-28.70569593638136,-30.331393644405978,-0.6
-0.6,36,linear,rally,-37.810368935865,-66.84177422463368,41.81757093422722,-33.86616326155881,0.0008439514561770098,-44.29792772603371,-25.07054009104953,-25.07433507216001,-26.62773417420764,-0.6
-0.6,36,linear,flat,-56.89044952023893,-57.23227518137068,26.557975343126785,78.0686655942358,0.0018368355222676096,-41.70461073282925,-30.27269304215396,-38.14116428529212,-40.41589230960027,-0.6
-0.6,36,linear,fall,-22.50268370583187,-82.0610131730473,22.71271830956492,-60.81585907117915,0.00034750942313171,-29.68284886795181,-16.361701528812645,-16.913519805170928,-20.4565586700159,-0.6
-0.6,36,back,rally,-34.93620261747606,-89.45626938606496,41.67074730304956,-72.69381024866277,0.0010690051778242124,-40.318366972474,-40.31224289999624,-24.872263365389912,-25.217163339865845,-0.6
-0.6,36,back,flat,-27.24027511023685,-77.18282682357994,83.85833748472795,-17.348606042685965,0.0023266583282056386,-31.845864993441385,-25.146285422463976,-21.438310212126,-23.850443404279183,-0.6
-0.6,36,back,fall,-31.668405588568728,-71.07440223519312,54.350955535307264,-9.915514363323286,0.00044017860263349925,-31.36835398141321,-30.601709039069767,-22.264596180663958,-25.246565771770424,-0.6
-0.6,36,saw,rally,-27.2155913893444,-66.80748167184991,21.89808940154276,-51.51324204973371,0.0012940588994714147,-22.76457158898958,-25.03821155820386,-21.30121349951561,-23.5798109232792,-0.6
-0.6,36,saw,flat,-56.33312460792739,-53.54016659404351,-3.378941579639849,21.73843524659784,0.0016898886804862009,-51.42373165740224,-45.1757628981441,-37.04644920353303,-39.12546677197194,-0.5
-0.6,36,saw,fall,-46.65005255624186,-54.28630263949161,25.32293678548889,61.206814470868,0.0003197086692811731,-56.68290712498288,-46.93483076362968,-26.89859104378605,-29.35660015298075,-0.5
